genre,date,hype_index
Action,2010-01-01,25.0
Action,2010-02-01,25.0
Action,2010-03-01,25.0
Action,2010-04-01,25.333333333333332
Action,2010-05-01,26.0
Action,2010-06-01,27.666666666666668
Action,2010-07-01,28.333333333333332
Action,2010-08-01,28.333333333333332
Action,2010-09-01,25.666666666666668
Action,2010-10-01,24.0
Action,2010-11-01,22.666666666666668
Action,2010-12-01,24.333333333333332
Action,2011-01-01,26.0
Action,2011-02-01,27.0
Action,2011-03-01,26.333333333333332
Action,2011-04-01,26.0
Action,2011-05-01,26.0
Action,2011-06-01,27.0
Action,2011-07-01,27.666666666666668
Action,2011-08-01,28.333333333333332
Action,2011-09-01,28.0
Action,2011-10-01,28.0
Action,2011-11-01,29.333333333333332
Action,2011-12-01,32.0
Action,2012-01-01,33.0
Action,2012-02-01,32.666666666666664
Action,2012-03-01,31.0
Action,2012-04-01,32.0
Action,2012-05-01,34.0
Action,2012-06-01,35.666666666666664
Action,2012-07-01,36.666666666666664
Action,2012-08-01,37.666666666666664
Action,2012-09-01,39.666666666666664
Action,2012-10-01,40.0
Action,2012-11-01,39.0
Action,2012-12-01,40.333333333333336
Action,2013-01-01,43.0
Action,2013-02-01,45.333333333333336
Action,2013-03-01,44.0
Action,2013-04-01,42.0
Action,2013-05-01,42.333333333333336
Action,2013-06-01,46.333333333333336
Action,2013-07-01,49.333333333333336
Action,2013-08-01,49.666666666666664
Action,2013-09-01,47.666666666666664
Action,2013-10-01,47.333333333333336
Action,2013-11-01,49.0
Action,2013-12-01,50.666666666666664
Action,2014-01-01,52.0
Action,2014-02-01,53.666666666666664
Action,2014-03-01,54.333333333333336
Action,2014-04-01,54.666666666666664
Action,2014-05-01,53.333333333333336
Action,2014-06-01,53.0
Action,2014-07-01,56.333333333333336
Action,2014-08-01,60.666666666666664
Action,2014-09-01,62.333333333333336
Action,2014-10-01,60.0
Action,2014-11-01,58.333333333333336
Action,2014-12-01,61.666666666666664
Action,2015-01-01,64.66666666666667
Action,2015-02-01,64.0
Action,2015-03-01,61.333333333333336
Action,2015-04-01,56.333333333333336
Action,2015-05-01,54.666666666666664
Action,2015-06-01,52.666666666666664
Action,2015-07-01,55.0
Action,2015-08-01,56.666666666666664
Action,2015-09-01,55.333333333333336
Action,2015-10-01,53.0
Action,2015-11-01,51.0
Action,2015-12-01,52.666666666666664
Action,2016-01-01,55.333333333333336
Action,2016-02-01,58.333333333333336
Action,2016-03-01,59.0
Action,2016-04-01,57.0
Action,2016-05-01,54.333333333333336
Action,2016-06-01,51.0
Action,2016-07-01,53.333333333333336
Action,2016-08-01,59.666666666666664
Action,2016-09-01,68.66666666666667
Action,2016-10-01,76.66666666666667
Action,2016-11-01,79.33333333333333
Action,2016-12-01,86.66666666666667
Action,2017-01-01,89.33333333333333
Action,2017-02-01,91.66666666666667
Action,2017-03-01,86.66666666666667
Action,2017-04-01,85.0
Action,2017-05-01,83.0
Action,2017-06-01,84.33333333333333
Action,2017-07-01,88.66666666666667
Action,2017-08-01,91.66666666666667
Action,2017-09-01,78.33333333333333
Action,2017-10-01,60.0
Action,2017-11-01,44.666666666666664
Action,2017-12-01,46.0
Action,2018-01-01,47.666666666666664
Action,2018-02-01,49.0
Action,2018-03-01,55.666666666666664
Action,2018-04-01,62.0
Action,2018-05-01,68.66666666666667
Action,2018-06-01,69.0
Action,2018-07-01,69.0
Action,2018-08-01,66.0
Action,2018-09-01,58.333333333333336
Action,2018-10-01,49.333333333333336
Action,2018-11-01,44.0
Action,2018-12-01,43.333333333333336
Action,2019-01-01,45.0
Action,2019-02-01,45.0
Action,2019-03-01,44.666666666666664
Action,2019-04-01,42.333333333333336
Action,2019-05-01,41.0
Action,2019-06-01,40.0
Action,2019-07-01,36.0
Action,2019-08-01,32.0
Action,2019-09-01,30.333333333333332
Action,2019-10-01,33.666666666666664
Action,2019-11-01,38.333333333333336
Action,2019-12-01,40.333333333333336
Action,2020-01-01,42.0
Action,2020-02-01,40.666666666666664
Action,2020-03-01,43.0
Action,2020-04-01,47.0
Action,2020-05-01,51.333333333333336
Action,2020-06-01,50.0
Action,2020-07-01,47.666666666666664
Action,2020-08-01,46.333333333333336
Action,2020-09-01,46.0
Action,2020-10-01,44.666666666666664
Action,2020-11-01,43.0
Action,2020-12-01,41.666666666666664
Action,2021-01-01,41.0
Action,2021-02-01,40.333333333333336
Action,2021-03-01,39.666666666666664
Action,2021-04-01,37.666666666666664
Action,2021-05-01,37.0
Action,2021-06-01,36.333333333333336
Action,2021-07-01,36.666666666666664
Action,2021-08-01,36.333333333333336
Action,2021-09-01,35.666666666666664
Action,2021-10-01,34.666666666666664
Action,2021-11-01,33.666666666666664
Action,2021-12-01,34.333333333333336
Action,2022-01-01,37.333333333333336
Action,2022-02-01,38.333333333333336
Action,2022-03-01,37.0
Action,2022-04-01,33.333333333333336
Action,2022-05-01,32.0
Action,2022-06-01,33.333333333333336
Action,2022-07-01,35.0
Action,2022-08-01,36.0
Action,2022-09-01,34.333333333333336
Action,2022-10-01,32.0
Action,2022-11-01,31.333333333333332
Action,2022-12-01,32.333333333333336
Action,2023-01-01,34.0
Action,2023-02-01,33.666666666666664
Action,2023-03-01,32.333333333333336
Action,2023-04-01,30.0
Action,2023-05-01,29.0
Action,2023-06-01,29.666666666666668
Action,2023-07-01,30.0
Action,2023-08-01,29.0
Action,2023-09-01,27.0
Action,2023-10-01,25.666666666666668
Action,2023-11-01,26.0
Action,2023-12-01,27.666666666666668
Action,2024-01-01,29.666666666666668
Action,2024-02-01,30.333333333333332
Action,2024-03-01,29.0
Action,2024-04-01,26.666666666666668
Action,2024-05-01,25.0
Action,2024-06-01,24.0
Action,2024-07-01,24.0
Action,2024-08-01,24.0
Action,2024-09-01,23.666666666666668
Action,2024-10-01,23.333333333333332
Action,2024-11-01,23.333333333333332
Action,2024-12-01,24.0
Action,2025-01-01,24.666666666666668
Action,2025-02-01,24.666666666666668
Action,2025-03-01,23.666666666666668
Action,2025-04-01,22.666666666666668
Action,2025-05-01,22.0
Action,2025-06-01,22.333333333333332
Action,2025-07-01,22.333333333333332
Action,2025-08-01,22.333333333333332
Action,2025-09-01,21.666666666666668
Adventure,2010-01-01,89.0
Adventure,2010-02-01,88.5
Adventure,2010-03-01,88.0
Adventure,2010-04-01,88.66666666666667
Adventure,2010-05-01,90.0
Adventure,2010-06-01,92.33333333333333
Adventure,2010-07-01,92.0
Adventure,2010-08-01,92.33333333333333
Adventure,2010-09-01,86.66666666666667
Adventure,2010-10-01,83.33333333333333
Adventure,2010-11-01,77.66666666666667
Adventure,2010-12-01,83.33333333333333
Adventure,2011-01-01,84.66666666666667
Adventure,2011-02-01,85.0
Adventure,2011-03-01,79.33333333333333
Adventure,2011-04-01,79.33333333333333
Adventure,2011-05-01,80.0
Adventure,2011-06-01,84.33333333333333
Adventure,2011-07-01,87.66666666666667
Adventure,2011-08-01,91.0
Adventure,2011-09-01,87.66666666666667
Adventure,2011-10-01,83.33333333333333
Adventure,2011-11-01,82.33333333333333
Adventure,2011-12-01,87.0
Adventure,2012-01-01,91.0
Adventure,2012-02-01,91.0
Adventure,2012-03-01,87.33333333333333
Adventure,2012-04-01,84.33333333333333
Adventure,2012-05-01,82.66666666666667
Adventure,2012-06-01,85.66666666666667
Adventure,2012-07-01,88.66666666666667
Adventure,2012-08-01,91.66666666666667
Adventure,2012-09-01,86.66666666666667
Adventure,2012-10-01,79.33333333333333
Adventure,2012-11-01,73.0
Adventure,2012-12-01,74.0
Adventure,2013-01-01,76.0
Adventure,2013-02-01,77.33333333333333
Adventure,2013-03-01,77.0
Adventure,2013-04-01,76.33333333333333
Adventure,2013-05-01,76.66666666666667
Adventure,2013-06-01,78.33333333333333
Adventure,2013-07-01,81.0
Adventure,2013-08-01,82.33333333333333
Adventure,2013-09-01,78.66666666666667
Adventure,2013-10-01,73.66666666666667
Adventure,2013-11-01,71.0
Adventure,2013-12-01,73.66666666666667
Adventure,2014-01-01,78.33333333333333
Adventure,2014-02-01,81.0
Adventure,2014-03-01,81.33333333333333
Adventure,2014-04-01,79.0
Adventure,2014-05-01,77.0
Adventure,2014-06-01,75.33333333333333
Adventure,2014-07-01,75.0
Adventure,2014-08-01,75.0
Adventure,2014-09-01,69.33333333333333
Adventure,2014-10-01,65.33333333333333
Adventure,2014-11-01,63.0
Adventure,2014-12-01,66.0
Adventure,2015-01-01,69.66666666666667
Adventure,2015-02-01,69.0
Adventure,2015-03-01,68.33333333333333
Adventure,2015-04-01,65.0
Adventure,2015-05-01,65.66666666666667
Adventure,2015-06-01,64.66666666666667
Adventure,2015-07-01,64.33333333333333
Adventure,2015-08-01,63.666666666666664
Adventure,2015-09-01,62.333333333333336
Adventure,2015-10-01,61.333333333333336
Adventure,2015-11-01,59.333333333333336
Adventure,2015-12-01,60.666666666666664
Adventure,2016-01-01,64.33333333333333
Adventure,2016-02-01,66.0
Adventure,2016-03-01,64.0
Adventure,2016-04-01,59.666666666666664
Adventure,2016-05-01,58.0
Adventure,2016-06-01,58.333333333333336
Adventure,2016-07-01,58.666666666666664
Adventure,2016-08-01,57.666666666666664
Adventure,2016-09-01,55.666666666666664
Adventure,2016-10-01,53.666666666666664
Adventure,2016-11-01,54.333333333333336
Adventure,2016-12-01,56.333333333333336
Adventure,2017-01-01,67.66666666666667
Adventure,2017-02-01,79.66666666666667
Adventure,2017-03-01,89.66666666666667
Adventure,2017-04-01,94.33333333333333
Adventure,2017-05-01,91.0
Adventure,2017-06-01,90.0
Adventure,2017-07-01,77.66666666666667
Adventure,2017-08-01,65.66666666666667
Adventure,2017-09-01,52.0
Adventure,2017-10-01,44.666666666666664
Adventure,2017-11-01,40.333333333333336
Adventure,2017-12-01,38.0
Adventure,2018-01-01,37.333333333333336
Adventure,2018-02-01,37.333333333333336
Adventure,2018-03-01,43.0
Adventure,2018-04-01,51.0
Adventure,2018-05-01,63.333333333333336
Adventure,2018-06-01,66.66666666666667
Adventure,2018-07-01,65.0
Adventure,2018-08-01,56.666666666666664
Adventure,2018-09-01,47.0
Adventure,2018-10-01,38.333333333333336
Adventure,2018-11-01,38.333333333333336
Adventure,2018-12-01,42.333333333333336
Adventure,2019-01-01,46.0
Adventure,2019-02-01,45.0
Adventure,2019-03-01,46.0
Adventure,2019-04-01,50.333333333333336
Adventure,2019-05-01,53.666666666666664
Adventure,2019-06-01,58.0
Adventure,2019-07-01,61.333333333333336
Adventure,2019-08-01,61.333333333333336
Adventure,2019-09-01,54.333333333333336
Adventure,2019-10-01,46.333333333333336
Adventure,2019-11-01,42.0
Adventure,2019-12-01,42.0
Adventure,2020-01-01,41.666666666666664
Adventure,2020-02-01,41.666666666666664
Adventure,2020-03-01,40.333333333333336
Adventure,2020-04-01,40.0
Adventure,2020-05-01,38.666666666666664
Adventure,2020-06-01,36.666666666666664
Adventure,2020-07-01,36.333333333333336
Adventure,2020-08-01,38.666666666666664
Adventure,2020-09-01,40.333333333333336
Adventure,2020-10-01,38.666666666666664
Adventure,2020-11-01,34.666666666666664
Adventure,2020-12-01,34.666666666666664
Adventure,2021-01-01,36.333333333333336
Adventure,2021-02-01,41.333333333333336
Adventure,2021-03-01,45.0
Adventure,2021-04-01,47.666666666666664
Adventure,2021-05-01,48.0
Adventure,2021-06-01,46.666666666666664
Adventure,2021-07-01,44.666666666666664
Adventure,2021-08-01,43.333333333333336
Adventure,2021-09-01,41.333333333333336
Adventure,2021-10-01,40.666666666666664
Adventure,2021-11-01,37.666666666666664
Adventure,2021-12-01,36.666666666666664
Adventure,2022-01-01,37.666666666666664
Adventure,2022-02-01,39.333333333333336
Adventure,2022-03-01,40.333333333333336
Adventure,2022-04-01,39.0
Adventure,2022-05-01,38.0
Adventure,2022-06-01,37.333333333333336
Adventure,2022-07-01,46.0
Adventure,2022-08-01,50.0
Adventure,2022-09-01,52.333333333333336
Adventure,2022-10-01,49.333333333333336
Adventure,2022-11-01,51.0
Adventure,2022-12-01,54.333333333333336
Adventure,2023-01-01,49.333333333333336
Adventure,2023-02-01,48.0
Adventure,2023-03-01,50.666666666666664
Adventure,2023-04-01,53.0
Adventure,2023-05-01,62.333333333333336
Adventure,2023-06-01,57.666666666666664
Adventure,2023-07-01,57.666666666666664
Adventure,2023-08-01,48.333333333333336
Adventure,2023-09-01,45.333333333333336
Adventure,2023-10-01,43.333333333333336
Adventure,2023-11-01,42.0
Adventure,2023-12-01,41.0
Adventure,2024-01-01,36.666666666666664
Adventure,2024-02-01,29.666666666666668
Adventure,2024-03-01,26.333333333333332
Adventure,2024-04-01,24.333333333333332
Adventure,2024-05-01,23.333333333333332
Adventure,2024-06-01,21.666666666666668
Adventure,2024-07-01,22.333333333333332
Adventure,2024-08-01,23.0
Adventure,2024-09-01,23.666666666666668
Adventure,2024-10-01,23.666666666666668
Adventure,2024-11-01,23.0
Adventure,2024-12-01,28.666666666666668
Adventure,2025-01-01,33.666666666666664
Adventure,2025-02-01,36.0
Adventure,2025-03-01,30.0
Adventure,2025-04-01,23.333333333333332
Adventure,2025-05-01,20.666666666666668
Adventure,2025-06-01,20.333333333333332
Adventure,2025-07-01,21.0
Adventure,2025-08-01,21.333333333333332
Adventure,2025-09-01,21.0
Animation,2010-01-01,68.0
Animation,2010-02-01,67.0
Animation,2010-03-01,67.0
Animation,2010-04-01,66.33333333333333
Animation,2010-05-01,67.33333333333333
Animation,2010-06-01,67.0
Animation,2010-07-01,68.66666666666667
Animation,2010-08-01,69.33333333333333
Animation,2010-09-01,68.33333333333333
Animation,2010-10-01,66.66666666666667
Animation,2010-11-01,69.33333333333333
Animation,2010-12-01,70.33333333333333
Animation,2011-01-01,70.66666666666667
Animation,2011-02-01,65.0
Animation,2011-03-01,64.33333333333333
Animation,2011-04-01,65.0
Animation,2011-05-01,66.33333333333333
Animation,2011-06-01,67.33333333333333
Animation,2011-07-01,68.0
Animation,2011-08-01,72.0
Animation,2011-09-01,73.66666666666667
Animation,2011-10-01,76.33333333333333
Animation,2011-11-01,75.0
Animation,2011-12-01,76.66666666666667
Animation,2012-01-01,74.66666666666667
Animation,2012-02-01,74.33333333333333
Animation,2012-03-01,72.33333333333333
Animation,2012-04-01,73.0
Animation,2012-05-01,72.66666666666667
Animation,2012-06-01,76.66666666666667
Animation,2012-07-01,80.33333333333333
Animation,2012-08-01,83.0
Animation,2012-09-01,81.0
Animation,2012-10-01,77.66666666666667
Animation,2012-11-01,76.33333333333333
Animation,2012-12-01,78.66666666666667
Animation,2013-01-01,79.66666666666667
Animation,2013-02-01,82.0
Animation,2013-03-01,83.33333333333333
Animation,2013-04-01,85.33333333333333
Animation,2013-05-01,87.33333333333333
Animation,2013-06-01,89.33333333333333
Animation,2013-07-01,93.33333333333333
Animation,2013-08-01,97.0
Animation,2013-09-01,98.0
Animation,2013-10-01,95.33333333333333
Animation,2013-11-01,93.33333333333333
Animation,2013-12-01,94.33333333333333
Animation,2014-01-01,96.66666666666667
Animation,2014-02-01,97.0
Animation,2014-03-01,94.33333333333333
Animation,2014-04-01,91.0
Animation,2014-05-01,92.66666666666667
Animation,2014-06-01,92.66666666666667
Animation,2014-07-01,95.0
Animation,2014-08-01,94.33333333333333
Animation,2014-09-01,92.66666666666667
Animation,2014-10-01,91.0
Animation,2014-11-01,88.33333333333333
Animation,2014-12-01,88.33333333333333
Animation,2015-01-01,86.66666666666667
Animation,2015-02-01,85.66666666666667
Animation,2015-03-01,86.0
Animation,2015-04-01,86.66666666666667
Animation,2015-05-01,86.33333333333333
Animation,2015-06-01,83.66666666666667
Animation,2015-07-01,84.33333333333333
Animation,2015-08-01,85.0
Animation,2015-09-01,86.0
Animation,2015-10-01,84.33333333333333
Animation,2015-11-01,81.66666666666667
Animation,2015-12-01,81.0
Animation,2016-01-01,81.66666666666667
Animation,2016-02-01,83.0
Animation,2016-03-01,83.66666666666667
Animation,2016-04-01,83.33333333333333
Animation,2016-05-01,83.66666666666667
Animation,2016-06-01,82.66666666666667
Animation,2016-07-01,83.33333333333333
Animation,2016-08-01,82.66666666666667
Animation,2016-09-01,82.33333333333333
Animation,2016-10-01,81.66666666666667
Animation,2016-11-01,56.666666666666664
Animation,2016-12-01,30.5
Animation,2017-01-01,2.8333333333333335
Animation,2017-02-01,0.16666666666666666
Animation,2017-03-01,0.0
Animation,2017-04-01,0.0
Animation,2017-05-01,0.0
Animation,2017-06-01,0.0
Animation,2017-07-01,0.0
Animation,2017-08-01,0.0
Animation,2017-09-01,0.0
Animation,2017-10-01,0.0
Animation,2017-11-01,0.0
Animation,2017-12-01,0.0
Animation,2018-01-01,0.0
Animation,2018-02-01,0.0
Animation,2018-03-01,0.0
Animation,2018-04-01,0.0
Animation,2018-05-01,0.0
Animation,2018-06-01,0.0
Animation,2018-07-01,2.0
Animation,2018-08-01,3.0
Animation,2018-09-01,6.0
Animation,2018-10-01,5.333333333333333
Animation,2018-11-01,14.333333333333334
Animation,2018-12-01,22.0
Animation,2019-01-01,30.333333333333332
Animation,2019-02-01,30.0
Animation,2019-03-01,28.666666666666668
Animation,2019-04-01,27.0
Animation,2019-05-01,25.333333333333332
Animation,2019-06-01,24.666666666666668
Animation,2019-07-01,24.666666666666668
Animation,2019-08-01,25.0
Animation,2019-09-01,23.666666666666668
Animation,2019-10-01,23.666666666666668
Animation,2019-11-01,24.666666666666668
Animation,2019-12-01,27.0
Animation,2020-01-01,28.0
Animation,2020-02-01,27.0
Animation,2020-03-01,26.0
Animation,2020-04-01,25.666666666666668
Animation,2020-05-01,25.0
Animation,2020-06-01,22.666666666666668
Animation,2020-07-01,19.666666666666668
Animation,2020-08-01,17.333333333333332
Animation,2020-09-01,13.666666666666666
Animation,2020-10-01,8.333333333333334
Animation,2020-11-01,3.1666666666666665
Animation,2020-12-01,0.5
Animation,2021-01-01,0.16666666666666666
Animation,2021-02-01,0.16666666666666666
Animation,2021-03-01,0.5
Animation,2021-04-01,5.166666666666667
Animation,2021-05-01,11.666666666666666
Animation,2021-06-01,21.666666666666668
Animation,2021-07-01,26.333333333333332
Animation,2021-08-01,29.0
Animation,2021-09-01,27.666666666666668
Animation,2021-10-01,27.666666666666668
Animation,2021-11-01,27.666666666666668
Animation,2021-12-01,28.333333333333332
Animation,2022-01-01,29.666666666666668
Animation,2022-02-01,30.333333333333332
Animation,2022-03-01,31.666666666666668
Animation,2022-04-01,32.333333333333336
Animation,2022-05-01,33.0
Animation,2022-06-01,33.333333333333336
Animation,2022-07-01,33.666666666666664
Animation,2022-08-01,34.666666666666664
Animation,2022-09-01,33.333333333333336
Animation,2022-10-01,32.0
Animation,2022-11-01,30.666666666666668
Animation,2022-12-01,31.333333333333332
Animation,2023-01-01,31.333333333333332
Animation,2023-02-01,31.666666666666668
Animation,2023-03-01,31.333333333333332
Animation,2023-04-01,31.333333333333332
Animation,2023-05-01,31.0
Animation,2023-06-01,31.666666666666668
Animation,2023-07-01,32.0
Animation,2023-08-01,32.333333333333336
Animation,2023-09-01,31.333333333333332
Animation,2023-10-01,30.666666666666668
Animation,2023-11-01,30.333333333333332
Animation,2023-12-01,30.666666666666668
Animation,2024-01-01,31.0
Animation,2024-02-01,32.0
Animation,2024-03-01,32.0
Animation,2024-04-01,32.0
Animation,2024-05-01,31.666666666666668
Animation,2024-06-01,32.0
Animation,2024-07-01,32.666666666666664
Animation,2024-08-01,32.666666666666664
Animation,2024-09-01,32.666666666666664
Animation,2024-10-01,32.666666666666664
Animation,2024-11-01,32.666666666666664
Animation,2024-12-01,33.0
Animation,2025-01-01,32.666666666666664
Animation,2025-02-01,32.333333333333336
Animation,2025-03-01,33.0
Animation,2025-04-01,33.333333333333336
Animation,2025-05-01,33.666666666666664
Animation,2025-06-01,33.0
Animation,2025-07-01,33.0
Animation,2025-08-01,33.333333333333336
Animation,2025-09-01,33.0
Comedy,2010-01-01,33.0
Comedy,2010-02-01,33.0
Comedy,2010-03-01,32.0
Comedy,2010-04-01,31.333333333333332
Comedy,2010-05-01,31.333333333333332
Comedy,2010-06-01,32.666666666666664
Comedy,2010-07-01,34.333333333333336
Comedy,2010-08-01,35.666666666666664
Comedy,2010-09-01,34.666666666666664
Comedy,2010-10-01,33.333333333333336
Comedy,2010-11-01,31.666666666666668
Comedy,2010-12-01,34.0
Comedy,2011-01-01,37.666666666666664
Comedy,2011-02-01,39.0
Comedy,2011-03-01,38.333333333333336
Comedy,2011-04-01,37.333333333333336
Comedy,2011-05-01,37.0
Comedy,2011-06-01,38.333333333333336
Comedy,2011-07-01,40.666666666666664
Comedy,2011-08-01,44.333333333333336
Comedy,2011-09-01,43.333333333333336
Comedy,2011-10-01,41.666666666666664
Comedy,2011-11-01,40.666666666666664
Comedy,2011-12-01,44.666666666666664
Comedy,2012-01-01,47.0
Comedy,2012-02-01,46.666666666666664
Comedy,2012-03-01,43.333333333333336
Comedy,2012-04-01,39.666666666666664
Comedy,2012-05-01,37.666666666666664
Comedy,2012-06-01,39.0
Comedy,2012-07-01,42.333333333333336
Comedy,2012-08-01,45.333333333333336
Comedy,2012-09-01,44.0
Comedy,2012-10-01,41.666666666666664
Comedy,2012-11-01,40.666666666666664
Comedy,2012-12-01,44.666666666666664
Comedy,2013-01-01,48.0
Comedy,2013-02-01,51.333333333333336
Comedy,2013-03-01,50.333333333333336
Comedy,2013-04-01,47.666666666666664
Comedy,2013-05-01,44.666666666666664
Comedy,2013-06-01,44.666666666666664
Comedy,2013-07-01,47.0
Comedy,2013-08-01,49.333333333333336
Comedy,2013-09-01,49.0
Comedy,2013-10-01,48.333333333333336
Comedy,2013-11-01,49.666666666666664
Comedy,2013-12-01,53.666666666666664
Comedy,2014-01-01,58.333333333333336
Comedy,2014-02-01,58.333333333333336
Comedy,2014-03-01,55.666666666666664
Comedy,2014-04-01,52.666666666666664
Comedy,2014-05-01,52.666666666666664
Comedy,2014-06-01,53.666666666666664
Comedy,2014-07-01,55.333333333333336
Comedy,2014-08-01,55.666666666666664
Comedy,2014-09-01,53.666666666666664
Comedy,2014-10-01,51.333333333333336
Comedy,2014-11-01,50.666666666666664
Comedy,2014-12-01,53.333333333333336
Comedy,2015-01-01,55.666666666666664
Comedy,2015-02-01,56.0
Comedy,2015-03-01,54.333333333333336
Comedy,2015-04-01,52.0
Comedy,2015-05-01,50.666666666666664
Comedy,2015-06-01,50.666666666666664
Comedy,2015-07-01,50.333333333333336
Comedy,2015-08-01,50.333333333333336
Comedy,2015-09-01,49.0
Comedy,2015-10-01,48.0
Comedy,2015-11-01,47.333333333333336
Comedy,2015-12-01,50.666666666666664
Comedy,2016-01-01,54.666666666666664
Comedy,2016-02-01,55.333333333333336
Comedy,2016-03-01,51.0
Comedy,2016-04-01,45.0
Comedy,2016-05-01,42.666666666666664
Comedy,2016-06-01,42.333333333333336
Comedy,2016-07-01,44.0
Comedy,2016-08-01,44.333333333333336
Comedy,2016-09-01,44.333333333333336
Comedy,2016-10-01,44.333333333333336
Comedy,2016-11-01,47.333333333333336
Comedy,2016-12-01,53.333333333333336
Comedy,2017-01-01,60.0
Comedy,2017-02-01,63.0
Comedy,2017-03-01,61.0
Comedy,2017-04-01,56.666666666666664
Comedy,2017-05-01,53.333333333333336
Comedy,2017-06-01,56.666666666666664
Comedy,2017-07-01,70.33333333333333
Comedy,2017-08-01,79.0
Comedy,2017-09-01,75.0
Comedy,2017-10-01,59.666666666666664
Comedy,2017-11-01,49.333333333333336
Comedy,2017-12-01,51.0
Comedy,2018-01-01,55.666666666666664
Comedy,2018-02-01,60.0
Comedy,2018-03-01,64.0
Comedy,2018-04-01,67.0
Comedy,2018-05-01,71.33333333333333
Comedy,2018-06-01,75.66666666666667
Comedy,2018-07-01,80.66666666666667
Comedy,2018-08-01,89.66666666666667
Comedy,2018-09-01,94.33333333333333
Comedy,2018-10-01,95.66666666666667
Comedy,2018-11-01,93.66666666666667
Comedy,2018-12-01,91.0
Comedy,2019-01-01,89.33333333333333
Comedy,2019-02-01,82.66666666666667
Comedy,2019-03-01,77.66666666666667
Comedy,2019-04-01,71.0
Comedy,2019-05-01,67.66666666666667
Comedy,2019-06-01,66.66666666666667
Comedy,2019-07-01,68.33333333333333
Comedy,2019-08-01,68.33333333333333
Comedy,2019-09-01,63.333333333333336
Comedy,2019-10-01,59.0
Comedy,2019-11-01,57.333333333333336
Comedy,2019-12-01,59.333333333333336
Comedy,2020-01-01,57.333333333333336
Comedy,2020-02-01,51.0
Comedy,2020-03-01,48.0
Comedy,2020-04-01,50.0
Comedy,2020-05-01,51.666666666666664
Comedy,2020-06-01,47.0
Comedy,2020-07-01,40.333333333333336
Comedy,2020-08-01,37.333333333333336
Comedy,2020-09-01,35.333333333333336
Comedy,2020-10-01,34.0
Comedy,2020-11-01,33.0
Comedy,2020-12-01,33.666666666666664
Comedy,2021-01-01,35.333333333333336
Comedy,2021-02-01,34.333333333333336
Comedy,2021-03-01,31.333333333333332
Comedy,2021-04-01,27.0
Comedy,2021-05-01,26.333333333333332
Comedy,2021-06-01,25.666666666666668
Comedy,2021-07-01,25.666666666666668
Comedy,2021-08-01,24.333333333333332
Comedy,2021-09-01,23.333333333333332
Comedy,2021-10-01,22.0
Comedy,2021-11-01,21.0
Comedy,2021-12-01,21.666666666666668
Comedy,2022-01-01,25.0
Comedy,2022-02-01,26.666666666666668
Comedy,2022-03-01,26.333333333333332
Comedy,2022-04-01,23.666666666666668
Comedy,2022-05-01,22.0
Comedy,2022-06-01,22.0
Comedy,2022-07-01,21.666666666666668
Comedy,2022-08-01,21.333333333333332
Comedy,2022-09-01,20.666666666666668
Comedy,2022-10-01,20.0
Comedy,2022-11-01,19.666666666666668
Comedy,2022-12-01,20.333333333333332
Comedy,2023-01-01,21.333333333333332
Comedy,2023-02-01,22.0
Comedy,2023-03-01,20.333333333333332
Comedy,2023-04-01,18.333333333333332
Comedy,2023-05-01,16.666666666666668
Comedy,2023-06-01,17.0
Comedy,2023-07-01,17.666666666666668
Comedy,2023-08-01,18.333333333333332
Comedy,2023-09-01,17.666666666666668
Comedy,2023-10-01,17.0
Comedy,2023-11-01,17.666666666666668
Comedy,2023-12-01,19.0
Comedy,2024-01-01,20.333333333333332
Comedy,2024-02-01,21.333333333333332
Comedy,2024-03-01,21.333333333333332
Comedy,2024-04-01,20.666666666666668
Comedy,2024-05-01,19.666666666666668
Comedy,2024-06-01,19.333333333333332
Comedy,2024-07-01,19.0
Comedy,2024-08-01,18.666666666666668
Comedy,2024-09-01,18.333333333333332
Comedy,2024-10-01,18.0
Comedy,2024-11-01,18.0
Comedy,2024-12-01,19.0
Comedy,2025-01-01,20.666666666666668
Comedy,2025-02-01,20.666666666666668
Comedy,2025-03-01,19.666666666666668
Comedy,2025-04-01,18.0
Comedy,2025-05-01,17.333333333333332
Comedy,2025-06-01,17.333333333333332
Comedy,2025-07-01,17.666666666666668
Comedy,2025-08-01,18.0
Comedy,2025-09-01,17.333333333333332
Documentary,2010-01-01,0.0
Documentary,2010-02-01,35.5
Documentary,2010-03-01,23.666666666666668
Documentary,2010-04-01,23.666666666666668
Documentary,2010-05-01,0.0
Documentary,2010-06-01,0.0
Documentary,2010-07-01,28.0
Documentary,2010-08-01,28.0
Documentary,2010-09-01,28.0
Documentary,2010-10-01,0.0
Documentary,2010-11-01,0.0
Documentary,2010-12-01,0.0
Documentary,2011-01-01,21.333333333333332
Documentary,2011-02-01,21.333333333333332
Documentary,2011-03-01,39.333333333333336
Documentary,2011-04-01,18.0
Documentary,2011-05-01,18.0
Documentary,2011-06-01,26.666666666666668
Documentary,2011-07-01,43.666666666666664
Documentary,2011-08-01,59.666666666666664
Documentary,2011-09-01,53.0
Documentary,2011-10-01,36.0
Documentary,2011-11-01,20.0
Documentary,2011-12-01,17.666666666666668
Documentary,2012-01-01,17.666666666666668
Documentary,2012-02-01,38.0
Documentary,2012-03-01,37.0
Documentary,2012-04-01,55.0
Documentary,2012-05-01,34.666666666666664
Documentary,2012-06-01,31.666666666666668
Documentary,2012-07-01,13.666666666666666
Documentary,2012-08-01,30.333333333333332
Documentary,2012-09-01,16.666666666666668
Documentary,2012-10-01,29.333333333333332
Documentary,2012-11-01,12.666666666666666
Documentary,2012-12-01,12.666666666666666
Documentary,2013-01-01,20.666666666666668
Documentary,2013-02-01,31.666666666666668
Documentary,2013-03-01,48.333333333333336
Documentary,2013-04-01,27.666666666666668
Documentary,2013-05-01,16.666666666666668
Documentary,2013-06-01,10.0
Documentary,2013-07-01,10.0
Documentary,2013-08-01,24.0
Documentary,2013-09-01,26.666666666666668
Documentary,2013-10-01,42.333333333333336
Documentary,2013-11-01,42.666666666666664
Documentary,2013-12-01,41.333333333333336
Documentary,2014-01-01,34.666666666666664
Documentary,2014-02-01,31.333333333333332
Documentary,2014-03-01,30.333333333333332
Documentary,2014-04-01,21.333333333333332
Documentary,2014-05-01,10.333333333333334
Documentary,2014-06-01,12.666666666666666
Documentary,2014-07-01,12.666666666666666
Documentary,2014-08-01,26.333333333333332
Documentary,2014-09-01,27.0
Documentary,2014-10-01,27.0
Documentary,2014-11-01,25.666666666666668
Documentary,2014-12-01,25.0
Documentary,2015-01-01,33.666666666666664
Documentary,2015-02-01,37.0
Documentary,2015-03-01,57.666666666666664
Documentary,2015-04-01,61.0
Documentary,2015-05-01,45.333333333333336
Documentary,2015-06-01,23.333333333333332
Documentary,2015-07-01,21.666666666666668
Documentary,2015-08-01,38.0
Documentary,2015-09-01,36.0
Documentary,2015-10-01,39.666666666666664
Documentary,2015-11-01,33.666666666666664
Documentary,2015-12-01,24.333333333333332
Documentary,2016-01-01,24.333333333333332
Documentary,2016-02-01,29.666666666666668
Documentary,2016-03-01,38.333333333333336
Documentary,2016-04-01,35.0
Documentary,2016-05-01,27.666666666666668
Documentary,2016-06-01,28.666666666666668
Documentary,2016-07-01,31.0
Documentary,2016-08-01,32.0
Documentary,2016-09-01,40.666666666666664
Documentary,2016-10-01,37.666666666666664
Documentary,2016-11-01,28.333333333333332
Documentary,2016-12-01,10.0
Documentary,2017-01-01,0.0
Documentary,2017-02-01,0.0
Documentary,2017-03-01,0.0
Documentary,2017-04-01,0.0
Documentary,2017-05-01,0.0
Documentary,2017-06-01,0.0
Documentary,2017-07-01,0.0
Documentary,2017-08-01,0.0
Documentary,2017-09-01,0.0
Documentary,2017-10-01,0.0
Documentary,2017-11-01,0.0
Documentary,2017-12-01,0.0
Documentary,2018-01-01,0.0
Documentary,2018-02-01,0.0
Documentary,2018-03-01,0.0
Documentary,2018-04-01,0.0
Documentary,2018-05-01,0.0
Documentary,2018-06-01,0.0
Documentary,2018-07-01,0.0
Documentary,2018-08-01,0.0
Documentary,2018-09-01,0.0
Documentary,2018-10-01,0.0
Documentary,2018-11-01,0.0
Documentary,2018-12-01,0.0
Documentary,2019-01-01,0.0
Documentary,2019-02-01,0.0
Documentary,2019-03-01,0.0
Documentary,2019-04-01,0.0
Documentary,2019-05-01,0.0
Documentary,2019-06-01,0.0
Documentary,2019-07-01,0.0
Documentary,2019-08-01,0.0
Documentary,2019-09-01,0.0
Documentary,2019-10-01,0.0
Documentary,2019-11-01,0.0
Documentary,2019-12-01,0.0
Documentary,2020-01-01,0.0
Documentary,2020-02-01,0.0
Documentary,2020-03-01,0.0
Documentary,2020-04-01,0.0
Documentary,2020-05-01,0.0
Documentary,2020-06-01,0.0
Documentary,2020-07-01,0.0
Documentary,2020-08-01,0.0
Documentary,2020-09-01,0.0
Documentary,2020-10-01,0.0
Documentary,2020-11-01,0.0
Documentary,2020-12-01,0.0
Documentary,2021-01-01,0.0
Documentary,2021-02-01,0.0
Documentary,2021-03-01,0.0
Documentary,2021-04-01,0.0
Documentary,2021-05-01,0.0
Documentary,2021-06-01,0.0
Documentary,2021-07-01,0.0
Documentary,2021-08-01,0.0
Documentary,2021-09-01,0.0
Documentary,2021-10-01,0.0
Documentary,2021-11-01,0.0
Documentary,2021-12-01,0.0
Documentary,2022-01-01,8.0
Documentary,2022-02-01,8.0
Documentary,2022-03-01,8.0
Documentary,2022-04-01,0.0
Documentary,2022-05-01,0.0
Documentary,2022-06-01,0.0
Documentary,2022-07-01,0.0
Documentary,2022-08-01,0.0
Documentary,2022-09-01,0.0
Documentary,2022-10-01,0.0
Documentary,2022-11-01,0.0
Documentary,2022-12-01,0.0
Documentary,2023-01-01,0.0
Documentary,2023-02-01,0.0
Documentary,2023-03-01,0.0
Documentary,2023-04-01,0.0
Documentary,2023-05-01,0.0
Documentary,2023-06-01,0.0
Documentary,2023-07-01,0.0
Documentary,2023-08-01,0.0
Documentary,2023-09-01,0.0
Documentary,2023-10-01,0.0
Documentary,2023-11-01,0.0
Documentary,2023-12-01,0.0
Documentary,2024-01-01,0.0
Documentary,2024-02-01,0.0
Documentary,2024-03-01,0.0
Documentary,2024-04-01,0.0
Documentary,2024-05-01,0.0
Documentary,2024-06-01,0.0
Documentary,2024-07-01,0.0
Documentary,2024-08-01,0.0
Documentary,2024-09-01,0.0
Documentary,2024-10-01,0.0
Documentary,2024-11-01,0.0
Documentary,2024-12-01,0.0
Documentary,2025-01-01,0.0
Documentary,2025-02-01,0.0
Documentary,2025-03-01,0.0
Documentary,2025-04-01,0.0
Documentary,2025-05-01,0.0
Documentary,2025-06-01,0.0
Documentary,2025-07-01,0.0
Documentary,2025-08-01,0.0
Documentary,2025-09-01,0.0
Drama,2010-01-01,24.0
Drama,2010-02-01,24.0
Drama,2010-03-01,23.666666666666668
Drama,2010-04-01,24.0
Drama,2010-05-01,24.666666666666668
Drama,2010-06-01,26.333333333333332
Drama,2010-07-01,26.666666666666668
Drama,2010-08-01,27.333333333333332
Drama,2010-09-01,28.0
Drama,2010-10-01,28.666666666666668
Drama,2010-11-01,28.0
Drama,2010-12-01,27.0
Drama,2011-01-01,26.666666666666668
Drama,2011-02-01,26.666666666666668
Drama,2011-03-01,26.0
Drama,2011-04-01,26.333333333333332
Drama,2011-05-01,27.0
Drama,2011-06-01,29.333333333333332
Drama,2011-07-01,30.666666666666668
Drama,2011-08-01,32.666666666666664
Drama,2011-09-01,33.0
Drama,2011-10-01,32.666666666666664
Drama,2011-11-01,31.666666666666668
Drama,2011-12-01,31.0
Drama,2012-01-01,32.333333333333336
Drama,2012-02-01,32.333333333333336
Drama,2012-03-01,32.333333333333336
Drama,2012-04-01,31.0
Drama,2012-05-01,31.0
Drama,2012-06-01,33.0
Drama,2012-07-01,34.333333333333336
Drama,2012-08-01,35.0
Drama,2012-09-01,34.666666666666664
Drama,2012-10-01,34.333333333333336
Drama,2012-11-01,35.0
Drama,2012-12-01,34.0
Drama,2013-01-01,33.333333333333336
Drama,2013-02-01,32.333333333333336
Drama,2013-03-01,32.333333333333336
Drama,2013-04-01,32.0
Drama,2013-05-01,31.666666666666668
Drama,2013-06-01,31.333333333333332
Drama,2013-07-01,33.333333333333336
Drama,2013-08-01,35.0
Drama,2013-09-01,35.666666666666664
Drama,2013-10-01,35.0
Drama,2013-11-01,35.666666666666664
Drama,2013-12-01,38.0
Drama,2014-01-01,40.333333333333336
Drama,2014-02-01,41.0
Drama,2014-03-01,40.666666666666664
Drama,2014-04-01,41.333333333333336
Drama,2014-05-01,42.666666666666664
Drama,2014-06-01,44.0
Drama,2014-07-01,43.666666666666664
Drama,2014-08-01,46.333333333333336
Drama,2014-09-01,46.666666666666664
Drama,2014-10-01,46.333333333333336
Drama,2014-11-01,43.666666666666664
Drama,2014-12-01,44.333333333333336
Drama,2015-01-01,47.0
Drama,2015-02-01,48.0
Drama,2015-03-01,47.0
Drama,2015-04-01,45.333333333333336
Drama,2015-05-01,44.666666666666664
Drama,2015-06-01,45.333333333333336
Drama,2015-07-01,45.333333333333336
Drama,2015-08-01,46.0
Drama,2015-09-01,45.333333333333336
Drama,2015-10-01,45.333333333333336
Drama,2015-11-01,44.666666666666664
Drama,2015-12-01,45.333333333333336
Drama,2016-01-01,46.0
Drama,2016-02-01,46.0
Drama,2016-03-01,46.333333333333336
Drama,2016-04-01,45.333333333333336
Drama,2016-05-01,45.0
Drama,2016-06-01,43.333333333333336
Drama,2016-07-01,43.666666666666664
Drama,2016-08-01,44.666666666666664
Drama,2016-09-01,45.666666666666664
Drama,2016-10-01,45.666666666666664
Drama,2016-11-01,32.666666666666664
Drama,2016-12-01,19.0
Drama,2017-01-01,7.0
Drama,2017-02-01,7.333333333333333
Drama,2017-03-01,9.333333333333334
Drama,2017-04-01,9.0
Drama,2017-05-01,8.666666666666666
Drama,2017-06-01,6.666666666666667
Drama,2017-07-01,4.0
Drama,2017-08-01,3.6666666666666665
Drama,2017-09-01,5.333333333333333
Drama,2017-10-01,9.333333333333334
Drama,2017-11-01,7.166666666666667
Drama,2017-12-01,4.5
Drama,2018-01-01,2.8333333333333335
Drama,2018-02-01,6.0
Drama,2018-03-01,9.666666666666666
Drama,2018-04-01,12.666666666666666
Drama,2018-05-01,14.0
Drama,2018-06-01,15.666666666666666
Drama,2018-07-01,16.333333333333332
Drama,2018-08-01,17.333333333333332
Drama,2018-09-01,17.333333333333332
Drama,2018-10-01,16.666666666666668
Drama,2018-11-01,17.666666666666668
Drama,2018-12-01,18.666666666666668
Drama,2019-01-01,20.333333333333332
Drama,2019-02-01,20.666666666666668
Drama,2019-03-01,20.666666666666668
Drama,2019-04-01,19.333333333333332
Drama,2019-05-01,19.666666666666668
Drama,2019-06-01,21.666666666666668
Drama,2019-07-01,23.0
Drama,2019-08-01,22.0
Drama,2019-09-01,20.666666666666668
Drama,2019-10-01,22.333333333333332
Drama,2019-11-01,25.666666666666668
Drama,2019-12-01,27.666666666666668
Drama,2020-01-01,31.333333333333332
Drama,2020-02-01,36.333333333333336
Drama,2020-03-01,40.333333333333336
Drama,2020-04-01,45.333333333333336
Drama,2020-05-01,47.0
Drama,2020-06-01,44.666666666666664
Drama,2020-07-01,39.0
Drama,2020-08-01,36.333333333333336
Drama,2020-09-01,42.0
Drama,2020-10-01,51.666666666666664
Drama,2020-11-01,57.0
Drama,2020-12-01,61.0
Drama,2021-01-01,63.0
Drama,2021-02-01,73.0
Drama,2021-03-01,85.66666666666667
Drama,2021-04-01,90.0
Drama,2021-05-01,93.66666666666667
Drama,2021-06-01,91.66666666666667
Drama,2021-07-01,94.66666666666667
Drama,2021-08-01,91.66666666666667
Drama,2021-09-01,84.0
Drama,2021-10-01,80.0
Drama,2021-11-01,76.0
Drama,2021-12-01,71.33333333333333
Drama,2022-01-01,69.33333333333333
Drama,2022-02-01,66.0
Drama,2022-03-01,65.33333333333333
Drama,2022-04-01,56.333333333333336
Drama,2022-05-01,49.333333333333336
Drama,2022-06-01,48.0
Drama,2022-07-01,52.0
Drama,2022-08-01,50.666666666666664
Drama,2022-09-01,45.0
Drama,2022-10-01,36.666666666666664
Drama,2022-11-01,33.666666666666664
Drama,2022-12-01,32.666666666666664
Drama,2023-01-01,34.333333333333336
Drama,2023-02-01,37.666666666666664
Drama,2023-03-01,36.333333333333336
Drama,2023-04-01,30.666666666666668
Drama,2023-05-01,24.0
Drama,2023-06-01,23.333333333333332
Drama,2023-07-01,25.666666666666668
Drama,2023-08-01,25.333333333333332
Drama,2023-09-01,24.666666666666668
Drama,2023-10-01,23.0
Drama,2023-11-01,22.666666666666668
Drama,2023-12-01,23.666666666666668
Drama,2024-01-01,25.666666666666668
Drama,2024-02-01,26.666666666666668
Drama,2024-03-01,28.0
Drama,2024-04-01,28.333333333333332
Drama,2024-05-01,29.0
Drama,2024-06-01,28.333333333333332
Drama,2024-07-01,27.333333333333332
Drama,2024-08-01,27.666666666666668
Drama,2024-09-01,26.666666666666668
Drama,2024-10-01,26.666666666666668
Drama,2024-11-01,26.666666666666668
Drama,2024-12-01,28.333333333333332
Drama,2025-01-01,30.666666666666668
Drama,2025-02-01,30.0
Drama,2025-03-01,28.333333333333332
Drama,2025-04-01,26.0
Drama,2025-05-01,28.333333333333332
Drama,2025-06-01,29.666666666666668
Drama,2025-07-01,30.666666666666668
Drama,2025-08-01,30.0
Drama,2025-09-01,28.333333333333332
Family,2010-01-01,48.0
Family,2010-02-01,48.5
Family,2010-03-01,47.666666666666664
Family,2010-04-01,47.666666666666664
Family,2010-05-01,47.666666666666664
Family,2010-06-01,48.333333333333336
Family,2010-07-01,48.666666666666664
Family,2010-08-01,48.666666666666664
Family,2010-09-01,48.333333333333336
Family,2010-10-01,48.333333333333336
Family,2010-11-01,48.333333333333336
Family,2010-12-01,49.666666666666664
Family,2011-01-01,50.333333333333336
Family,2011-02-01,52.0
Family,2011-03-01,50.666666666666664
Family,2011-04-01,50.666666666666664
Family,2011-05-01,49.0
Family,2011-06-01,49.0
Family,2011-07-01,49.0
Family,2011-08-01,49.0
Family,2011-09-01,49.333333333333336
Family,2011-10-01,48.666666666666664
Family,2011-11-01,49.666666666666664
Family,2011-12-01,52.0
Family,2012-01-01,53.0
Family,2012-02-01,53.0
Family,2012-03-01,51.666666666666664
Family,2012-04-01,51.333333333333336
Family,2012-05-01,51.333333333333336
Family,2012-06-01,51.666666666666664
Family,2012-07-01,52.666666666666664
Family,2012-08-01,52.666666666666664
Family,2012-09-01,52.666666666666664
Family,2012-10-01,51.666666666666664
Family,2012-11-01,52.0
Family,2012-12-01,54.0
Family,2013-01-01,55.666666666666664
Family,2013-02-01,56.333333333333336
Family,2013-03-01,55.333333333333336
Family,2013-04-01,54.333333333333336
Family,2013-05-01,53.0
Family,2013-06-01,53.0
Family,2013-07-01,54.333333333333336
Family,2013-08-01,57.0
Family,2013-09-01,57.0
Family,2013-10-01,57.333333333333336
Family,2013-11-01,57.0
Family,2013-12-01,59.666666666666664
Family,2014-01-01,61.666666666666664
Family,2014-02-01,64.0
Family,2014-03-01,63.666666666666664
Family,2014-04-01,63.0
Family,2014-05-01,63.0
Family,2014-06-01,64.0
Family,2014-07-01,67.0
Family,2014-08-01,67.0
Family,2014-09-01,65.66666666666667
Family,2014-10-01,62.666666666666664
Family,2014-11-01,63.333333333333336
Family,2014-12-01,65.0
Family,2015-01-01,66.0
Family,2015-02-01,64.33333333333333
Family,2015-03-01,62.666666666666664
Family,2015-04-01,62.333333333333336
Family,2015-05-01,63.333333333333336
Family,2015-06-01,65.0
Family,2015-07-01,66.33333333333333
Family,2015-08-01,67.33333333333333
Family,2015-09-01,67.0
Family,2015-10-01,67.33333333333333
Family,2015-11-01,67.0
Family,2015-12-01,69.66666666666667
Family,2016-01-01,70.33333333333333
Family,2016-02-01,71.0
Family,2016-03-01,68.0
Family,2016-04-01,68.66666666666667
Family,2016-05-01,69.66666666666667
Family,2016-06-01,72.0
Family,2016-07-01,73.0
Family,2016-08-01,71.66666666666667
Family,2016-09-01,71.66666666666667
Family,2016-10-01,70.0
Family,2016-11-01,74.66666666666667
Family,2016-12-01,80.33333333333333
Family,2017-01-01,84.66666666666667
Family,2017-02-01,82.66666666666667
Family,2017-03-01,79.0
Family,2017-04-01,76.33333333333333
Family,2017-05-01,77.66666666666667
Family,2017-06-01,77.33333333333333
Family,2017-07-01,79.66666666666667
Family,2017-08-01,79.0
Family,2017-09-01,79.0
Family,2017-10-01,77.33333333333333
Family,2017-11-01,76.0
Family,2017-12-01,77.33333333333333
Family,2018-01-01,77.66666666666667
Family,2018-02-01,79.66666666666667
Family,2018-03-01,78.33333333333333
Family,2018-04-01,77.66666666666667
Family,2018-05-01,74.0
Family,2018-06-01,73.33333333333333
Family,2018-07-01,72.33333333333333
Family,2018-08-01,72.0
Family,2018-09-01,69.33333333333333
Family,2018-10-01,67.66666666666667
Family,2018-11-01,70.33333333333333
Family,2018-12-01,75.0
Family,2019-01-01,78.66666666666667
Family,2019-02-01,80.33333333333333
Family,2019-03-01,79.33333333333333
Family,2019-04-01,78.33333333333333
Family,2019-05-01,75.66666666666667
Family,2019-06-01,77.66666666666667
Family,2019-07-01,80.66666666666667
Family,2019-08-01,85.66666666666667
Family,2019-09-01,84.0
Family,2019-10-01,81.66666666666667
Family,2019-11-01,79.0
Family,2019-12-01,81.66666666666667
Family,2020-01-01,82.0
Family,2020-02-01,81.0
Family,2020-03-01,79.66666666666667
Family,2020-04-01,86.33333333333333
Family,2020-05-01,93.33333333333333
Family,2020-06-01,94.33333333333333
Family,2020-07-01,88.0
Family,2020-08-01,81.33333333333333
Family,2020-09-01,78.66666666666667
Family,2020-10-01,77.33333333333333
Family,2020-11-01,76.0
Family,2020-12-01,77.0
Family,2021-01-01,76.33333333333333
Family,2021-02-01,75.0
Family,2021-03-01,71.33333333333333
Family,2021-04-01,71.0
Family,2021-05-01,74.0
Family,2021-06-01,73.0
Family,2021-07-01,73.33333333333333
Family,2021-08-01,69.66666666666667
Family,2021-09-01,69.66666666666667
Family,2021-10-01,68.0
Family,2021-11-01,69.33333333333333
Family,2021-12-01,72.33333333333333
Family,2022-01-01,72.0
Family,2022-02-01,72.33333333333333
Family,2022-03-01,71.66666666666667
Family,2022-04-01,73.0
Family,2022-05-01,72.33333333333333
Family,2022-06-01,72.66666666666667
Family,2022-07-01,74.66666666666667
Family,2022-08-01,76.0
Family,2022-09-01,76.66666666666667
Family,2022-10-01,75.66666666666667
Family,2022-11-01,74.33333333333333
Family,2022-12-01,74.66666666666667
Family,2023-01-01,75.0
Family,2023-02-01,75.66666666666667
Family,2023-03-01,75.0
Family,2023-04-01,74.66666666666667
Family,2023-05-01,79.0
Family,2023-06-01,78.66666666666667
Family,2023-07-01,78.0
Family,2023-08-01,72.0
Family,2023-09-01,70.0
Family,2023-10-01,69.33333333333333
Family,2023-11-01,70.33333333333333
Family,2023-12-01,73.66666666666667
Family,2024-01-01,74.33333333333333
Family,2024-02-01,75.0
Family,2024-03-01,72.0
Family,2024-04-01,68.33333333333333
Family,2024-05-01,65.66666666666667
Family,2024-06-01,65.33333333333333
Family,2024-07-01,66.33333333333333
Family,2024-08-01,65.66666666666667
Family,2024-09-01,64.33333333333333
Family,2024-10-01,64.66666666666667
Family,2024-11-01,65.66666666666667
Family,2024-12-01,68.0
Family,2025-01-01,68.33333333333333
Family,2025-02-01,68.66666666666667
Family,2025-03-01,65.66666666666667
Family,2025-04-01,64.33333333333333
Family,2025-05-01,63.333333333333336
Family,2025-06-01,64.33333333333333
Family,2025-07-01,66.0
Family,2025-08-01,67.0
Family,2025-09-01,65.66666666666667
Fantasy,2010-01-01,54.0
Fantasy,2010-02-01,53.0
Fantasy,2010-03-01,51.333333333333336
Fantasy,2010-04-01,51.666666666666664
Fantasy,2010-05-01,51.333333333333336
Fantasy,2010-06-01,51.666666666666664
Fantasy,2010-07-01,51.666666666666664
Fantasy,2010-08-01,56.333333333333336
Fantasy,2010-09-01,56.0
Fantasy,2010-10-01,56.333333333333336
Fantasy,2010-11-01,52.0
Fantasy,2010-12-01,55.333333333333336
Fantasy,2011-01-01,57.333333333333336
Fantasy,2011-02-01,60.333333333333336
Fantasy,2011-03-01,58.666666666666664
Fantasy,2011-04-01,57.666666666666664
Fantasy,2011-05-01,56.0
Fantasy,2011-06-01,57.333333333333336
Fantasy,2011-07-01,57.666666666666664
Fantasy,2011-08-01,59.666666666666664
Fantasy,2011-09-01,59.333333333333336
Fantasy,2011-10-01,60.0
Fantasy,2011-11-01,62.666666666666664
Fantasy,2011-12-01,69.0
Fantasy,2012-01-01,74.0
Fantasy,2012-02-01,73.66666666666667
Fantasy,2012-03-01,71.33333333333333
Fantasy,2012-04-01,66.33333333333333
Fantasy,2012-05-01,63.666666666666664
Fantasy,2012-06-01,62.0
Fantasy,2012-07-01,65.33333333333333
Fantasy,2012-08-01,67.33333333333333
Fantasy,2012-09-01,67.33333333333333
Fantasy,2012-10-01,64.0
Fantasy,2012-11-01,65.66666666666667
Fantasy,2012-12-01,72.33333333333333
Fantasy,2013-01-01,76.33333333333333
Fantasy,2013-02-01,77.0
Fantasy,2013-03-01,75.66666666666667
Fantasy,2013-04-01,74.0
Fantasy,2013-05-01,72.66666666666667
Fantasy,2013-06-01,72.0
Fantasy,2013-07-01,75.0
Fantasy,2013-08-01,80.0
Fantasy,2013-09-01,80.0
Fantasy,2013-10-01,81.33333333333333
Fantasy,2013-11-01,82.0
Fantasy,2013-12-01,89.66666666666667
Fantasy,2014-01-01,95.0
Fantasy,2014-02-01,97.33333333333333
Fantasy,2014-03-01,92.33333333333333
Fantasy,2014-04-01,85.0
Fantasy,2014-05-01,80.66666666666667
Fantasy,2014-06-01,80.0
Fantasy,2014-07-01,82.66666666666667
Fantasy,2014-08-01,85.0
Fantasy,2014-09-01,84.0
Fantasy,2014-10-01,84.33333333333333
Fantasy,2014-11-01,83.66666666666667
Fantasy,2014-12-01,90.33333333333333
Fantasy,2015-01-01,94.66666666666667
Fantasy,2015-02-01,95.0
Fantasy,2015-03-01,88.66666666666667
Fantasy,2015-04-01,82.33333333333333
Fantasy,2015-05-01,80.66666666666667
Fantasy,2015-06-01,80.66666666666667
Fantasy,2015-07-01,80.66666666666667
Fantasy,2015-08-01,82.0
Fantasy,2015-09-01,81.0
Fantasy,2015-10-01,81.33333333333333
Fantasy,2015-11-01,78.66666666666667
Fantasy,2015-12-01,80.66666666666667
Fantasy,2016-01-01,82.66666666666667
Fantasy,2016-02-01,82.66666666666667
Fantasy,2016-03-01,78.33333333333333
Fantasy,2016-04-01,71.0
Fantasy,2016-05-01,67.66666666666667
Fantasy,2016-06-01,66.66666666666667
Fantasy,2016-07-01,67.33333333333333
Fantasy,2016-08-01,67.0
Fantasy,2016-09-01,65.33333333333333
Fantasy,2016-10-01,68.0
Fantasy,2016-11-01,67.0
Fantasy,2016-12-01,64.33333333333333
Fantasy,2017-01-01,49.333333333333336
Fantasy,2017-02-01,35.666666666666664
Fantasy,2017-03-01,25.0
Fantasy,2017-04-01,24.0
Fantasy,2017-05-01,26.666666666666668
Fantasy,2017-06-01,30.333333333333332
Fantasy,2017-07-01,35.666666666666664
Fantasy,2017-08-01,41.333333333333336
Fantasy,2017-09-01,42.0
Fantasy,2017-10-01,40.0
Fantasy,2017-11-01,39.0
Fantasy,2017-12-01,48.333333333333336
Fantasy,2018-01-01,61.666666666666664
Fantasy,2018-02-01,72.66666666666667
Fantasy,2018-03-01,74.66666666666667
Fantasy,2018-04-01,71.66666666666667
Fantasy,2018-05-01,64.0
Fantasy,2018-06-01,60.0
Fantasy,2018-07-01,58.0
Fantasy,2018-08-01,58.666666666666664
Fantasy,2018-09-01,58.333333333333336
Fantasy,2018-10-01,56.666666666666664
Fantasy,2018-11-01,60.0
Fantasy,2018-12-01,69.0
Fantasy,2019-01-01,79.33333333333333
Fantasy,2019-02-01,82.66666666666667
Fantasy,2019-03-01,76.0
Fantasy,2019-04-01,65.66666666666667
Fantasy,2019-05-01,58.0
Fantasy,2019-06-01,56.333333333333336
Fantasy,2019-07-01,62.666666666666664
Fantasy,2019-08-01,68.0
Fantasy,2019-09-01,68.33333333333333
Fantasy,2019-10-01,65.33333333333333
Fantasy,2019-11-01,65.33333333333333
Fantasy,2019-12-01,69.33333333333333
Fantasy,2020-01-01,71.66666666666667
Fantasy,2020-02-01,68.66666666666667
Fantasy,2020-03-01,69.0
Fantasy,2020-04-01,74.66666666666667
Fantasy,2020-05-01,79.33333333333333
Fantasy,2020-06-01,75.0
Fantasy,2020-07-01,66.33333333333333
Fantasy,2020-08-01,61.666666666666664
Fantasy,2020-09-01,63.333333333333336
Fantasy,2020-10-01,67.0
Fantasy,2020-11-01,70.66666666666667
Fantasy,2020-12-01,77.66666666666667
Fantasy,2021-01-01,82.0
Fantasy,2021-02-01,85.66666666666667
Fantasy,2021-03-01,82.0
Fantasy,2021-04-01,73.33333333333333
Fantasy,2021-05-01,66.33333333333333
Fantasy,2021-06-01,61.0
Fantasy,2021-07-01,60.333333333333336
Fantasy,2021-08-01,62.0
Fantasy,2021-09-01,61.0
Fantasy,2021-10-01,60.666666666666664
Fantasy,2021-11-01,58.0
Fantasy,2021-12-01,60.0
Fantasy,2022-01-01,63.333333333333336
Fantasy,2022-02-01,63.0
Fantasy,2022-03-01,61.666666666666664
Fantasy,2022-04-01,61.0
Fantasy,2022-05-01,62.333333333333336
Fantasy,2022-06-01,63.0
Fantasy,2022-07-01,58.333333333333336
Fantasy,2022-08-01,53.666666666666664
Fantasy,2022-09-01,49.333333333333336
Fantasy,2022-10-01,48.666666666666664
Fantasy,2022-11-01,49.0
Fantasy,2022-12-01,51.333333333333336
Fantasy,2023-01-01,58.0
Fantasy,2023-02-01,65.0
Fantasy,2023-03-01,67.33333333333333
Fantasy,2023-04-01,64.66666666666667
Fantasy,2023-05-01,60.666666666666664
Fantasy,2023-06-01,59.333333333333336
Fantasy,2023-07-01,58.666666666666664
Fantasy,2023-08-01,58.333333333333336
Fantasy,2023-09-01,46.333333333333336
Fantasy,2023-10-01,45.0
Fantasy,2023-11-01,47.0
Fantasy,2023-12-01,63.0
Fantasy,2024-01-01,68.0
Fantasy,2024-02-01,66.0
Fantasy,2024-03-01,61.666666666666664
Fantasy,2024-04-01,54.0
Fantasy,2024-05-01,52.0
Fantasy,2024-06-01,49.666666666666664
Fantasy,2024-07-01,52.333333333333336
Fantasy,2024-08-01,54.666666666666664
Fantasy,2024-09-01,57.333333333333336
Fantasy,2024-10-01,57.333333333333336
Fantasy,2024-11-01,57.333333333333336
Fantasy,2024-12-01,57.666666666666664
Fantasy,2025-01-01,58.0
Fantasy,2025-02-01,58.0
Fantasy,2025-03-01,56.666666666666664
Fantasy,2025-04-01,54.0
Fantasy,2025-05-01,51.333333333333336
Fantasy,2025-06-01,50.666666666666664
Fantasy,2025-07-01,50.333333333333336
Fantasy,2025-08-01,51.666666666666664
Fantasy,2025-09-01,50.666666666666664
Horror,2010-01-01,46.0
Horror,2010-02-01,45.5
Horror,2010-03-01,45.0
Horror,2010-04-01,44.666666666666664
Horror,2010-05-01,45.666666666666664
Horror,2010-06-01,47.333333333333336
Horror,2010-07-01,50.0
Horror,2010-08-01,52.0
Horror,2010-09-01,51.666666666666664
Horror,2010-10-01,55.0
Horror,2010-11-01,53.333333333333336
Horror,2010-12-01,53.0
Horror,2011-01-01,50.0
Horror,2011-02-01,50.0
Horror,2011-03-01,49.333333333333336
Horror,2011-04-01,47.666666666666664
Horror,2011-05-01,47.333333333333336
Horror,2011-06-01,49.666666666666664
Horror,2011-07-01,52.666666666666664
Horror,2011-08-01,56.666666666666664
Horror,2011-09-01,58.0
Horror,2011-10-01,63.333333333333336
Horror,2011-11-01,66.0
Horror,2011-12-01,72.66666666666667
Horror,2012-01-01,73.0
Horror,2012-02-01,71.0
Horror,2012-03-01,64.33333333333333
Horror,2012-04-01,55.0
Horror,2012-05-01,50.0
Horror,2012-06-01,50.666666666666664
Horror,2012-07-01,56.666666666666664
Horror,2012-08-01,60.666666666666664
Horror,2012-09-01,60.666666666666664
Horror,2012-10-01,61.666666666666664
Horror,2012-11-01,60.0
Horror,2012-12-01,59.0
Horror,2013-01-01,55.666666666666664
Horror,2013-02-01,55.666666666666664
Horror,2013-03-01,57.333333333333336
Horror,2013-04-01,56.0
Horror,2013-05-01,58.0
Horror,2013-06-01,59.666666666666664
Horror,2013-07-01,64.33333333333333
Horror,2013-08-01,68.33333333333333
Horror,2013-09-01,68.66666666666667
Horror,2013-10-01,71.33333333333333
Horror,2013-11-01,69.66666666666667
Horror,2013-12-01,70.33333333333333
Horror,2014-01-01,68.0
Horror,2014-02-01,66.33333333333333
Horror,2014-03-01,65.66666666666667
Horror,2014-04-01,66.33333333333333
Horror,2014-05-01,69.66666666666667
Horror,2014-06-01,71.0
Horror,2014-07-01,73.66666666666667
Horror,2014-08-01,75.33333333333333
Horror,2014-09-01,76.33333333333333
Horror,2014-10-01,81.0
Horror,2014-11-01,79.66666666666667
Horror,2014-12-01,79.0
Horror,2015-01-01,74.0
Horror,2015-02-01,72.0
Horror,2015-03-01,70.33333333333333
Horror,2015-04-01,67.0
Horror,2015-05-01,68.0
Horror,2015-06-01,70.0
Horror,2015-07-01,71.66666666666667
Horror,2015-08-01,73.0
Horror,2015-09-01,71.0
Horror,2015-10-01,73.66666666666667
Horror,2015-11-01,70.66666666666667
Horror,2015-12-01,71.0
Horror,2016-01-01,67.0
Horror,2016-02-01,67.33333333333333
Horror,2016-03-01,66.33333333333333
Horror,2016-04-01,64.66666666666667
Horror,2016-05-01,66.33333333333333
Horror,2016-06-01,69.0
Horror,2016-07-01,74.0
Horror,2016-08-01,76.0
Horror,2016-09-01,78.33333333333333
Horror,2016-10-01,82.66666666666667
Horror,2016-11-01,86.33333333333333
Horror,2016-12-01,89.33333333333333
Horror,2017-01-01,90.0
Horror,2017-02-01,88.66666666666667
Horror,2017-03-01,87.66666666666667
Horror,2017-04-01,85.66666666666667
Horror,2017-05-01,85.66666666666667
Horror,2017-06-01,88.0
Horror,2017-07-01,92.0
Horror,2017-08-01,93.33333333333333
Horror,2017-09-01,85.66666666666667
Horror,2017-10-01,78.33333333333333
Horror,2017-11-01,68.66666666666667
Horror,2017-12-01,66.0
Horror,2018-01-01,61.666666666666664
Horror,2018-02-01,60.666666666666664
Horror,2018-03-01,60.0
Horror,2018-04-01,57.0
Horror,2018-05-01,56.333333333333336
Horror,2018-06-01,57.0
Horror,2018-07-01,60.666666666666664
Horror,2018-08-01,64.66666666666667
Horror,2018-09-01,65.66666666666667
Horror,2018-10-01,67.66666666666667
Horror,2018-11-01,65.0
Horror,2018-12-01,63.666666666666664
Horror,2019-01-01,59.0
Horror,2019-02-01,57.666666666666664
Horror,2019-03-01,55.666666666666664
Horror,2019-04-01,54.0
Horror,2019-05-01,53.333333333333336
Horror,2019-06-01,56.333333333333336
Horror,2019-07-01,58.666666666666664
Horror,2019-08-01,61.333333333333336
Horror,2019-09-01,59.333333333333336
Horror,2019-10-01,61.0
Horror,2019-11-01,58.333333333333336
Horror,2019-12-01,56.666666666666664
Horror,2020-01-01,54.0
Horror,2020-02-01,53.333333333333336
Horror,2020-03-01,57.0
Horror,2020-04-01,61.0
Horror,2020-05-01,64.66666666666667
Horror,2020-06-01,62.333333333333336
Horror,2020-07-01,58.666666666666664
Horror,2020-08-01,57.333333333333336
Horror,2020-09-01,56.666666666666664
Horror,2020-10-01,62.666666666666664
Horror,2020-11-01,63.0
Horror,2020-12-01,62.666666666666664
Horror,2021-01-01,55.333333333333336
Horror,2021-02-01,53.0
Horror,2021-03-01,51.666666666666664
Horror,2021-04-01,51.0
Horror,2021-05-01,52.666666666666664
Horror,2021-06-01,54.666666666666664
Horror,2021-07-01,56.0
Horror,2021-08-01,56.666666666666664
Horror,2021-09-01,55.0
Horror,2021-10-01,59.0
Horror,2021-11-01,56.333333333333336
Horror,2021-12-01,55.333333333333336
Horror,2022-01-01,50.333333333333336
Horror,2022-02-01,51.333333333333336
Horror,2022-03-01,52.0
Horror,2022-04-01,51.0
Horror,2022-05-01,52.333333333333336
Horror,2022-06-01,55.666666666666664
Horror,2022-07-01,60.0
Horror,2022-08-01,60.666666666666664
Horror,2022-09-01,60.333333333333336
Horror,2022-10-01,66.33333333333333
Horror,2022-11-01,64.66666666666667
Horror,2022-12-01,64.66666666666667
Horror,2023-01-01,57.666666666666664
Horror,2023-02-01,57.0
Horror,2023-03-01,56.0
Horror,2023-04-01,57.666666666666664
Horror,2023-05-01,59.666666666666664
Horror,2023-06-01,61.333333333333336
Horror,2023-07-01,61.0
Horror,2023-08-01,61.333333333333336
Horror,2023-09-01,61.666666666666664
Horror,2023-10-01,66.33333333333333
Horror,2023-11-01,65.0
Horror,2023-12-01,63.333333333333336
Horror,2024-01-01,55.333333333333336
Horror,2024-02-01,54.0
Horror,2024-03-01,54.333333333333336
Horror,2024-04-01,53.333333333333336
Horror,2024-05-01,55.0
Horror,2024-06-01,56.666666666666664
Horror,2024-07-01,60.333333333333336
Horror,2024-08-01,62.666666666666664
Horror,2024-09-01,62.666666666666664
Horror,2024-10-01,68.33333333333333
Horror,2024-11-01,67.0
Horror,2024-12-01,64.66666666666667
Horror,2025-01-01,56.333333333333336
Horror,2025-02-01,54.0
Horror,2025-03-01,53.0
Horror,2025-04-01,52.333333333333336
Horror,2025-05-01,53.0
Horror,2025-06-01,54.666666666666664
Horror,2025-07-01,56.0
Horror,2025-08-01,58.666666666666664
Horror,2025-09-01,59.666666666666664
Romance,2010-01-01,37.0
Romance,2010-02-01,39.0
Romance,2010-03-01,38.666666666666664
Romance,2010-04-01,38.333333333333336
Romance,2010-05-01,38.666666666666664
Romance,2010-06-01,39.666666666666664
Romance,2010-07-01,41.666666666666664
Romance,2010-08-01,40.666666666666664
Romance,2010-09-01,38.666666666666664
Romance,2010-10-01,37.666666666666664
Romance,2010-11-01,37.333333333333336
Romance,2010-12-01,39.666666666666664
Romance,2011-01-01,41.0
Romance,2011-02-01,42.0
Romance,2011-03-01,41.333333333333336
Romance,2011-04-01,41.666666666666664
Romance,2011-05-01,42.333333333333336
Romance,2011-06-01,45.333333333333336
Romance,2011-07-01,47.666666666666664
Romance,2011-08-01,50.333333333333336
Romance,2011-09-01,50.333333333333336
Romance,2011-10-01,48.666666666666664
Romance,2011-11-01,48.0
Romance,2011-12-01,48.666666666666664
Romance,2012-01-01,50.0
Romance,2012-02-01,49.333333333333336
Romance,2012-03-01,46.333333333333336
Romance,2012-04-01,45.333333333333336
Romance,2012-05-01,44.333333333333336
Romance,2012-06-01,47.333333333333336
Romance,2012-07-01,50.0
Romance,2012-08-01,53.0
Romance,2012-09-01,52.666666666666664
Romance,2012-10-01,50.333333333333336
Romance,2012-11-01,49.0
Romance,2012-12-01,51.333333333333336
Romance,2013-01-01,53.666666666666664
Romance,2013-02-01,57.333333333333336
Romance,2013-03-01,57.333333333333336
Romance,2013-04-01,57.0
Romance,2013-05-01,55.333333333333336
Romance,2013-06-01,56.666666666666664
Romance,2013-07-01,60.333333333333336
Romance,2013-08-01,64.33333333333333
Romance,2013-09-01,64.66666666666667
Romance,2013-10-01,63.333333333333336
Romance,2013-11-01,63.333333333333336
Romance,2013-12-01,68.33333333333333
Romance,2014-01-01,71.0
Romance,2014-02-01,72.0
Romance,2014-03-01,68.33333333333333
Romance,2014-04-01,70.0
Romance,2014-05-01,71.0
Romance,2014-06-01,74.66666666666667
Romance,2014-07-01,75.66666666666667
Romance,2014-08-01,76.33333333333333
Romance,2014-09-01,73.0
Romance,2014-10-01,69.66666666666667
Romance,2014-11-01,68.66666666666667
Romance,2014-12-01,71.66666666666667
Romance,2015-01-01,75.0
Romance,2015-02-01,75.66666666666667
Romance,2015-03-01,73.66666666666667
Romance,2015-04-01,74.0
Romance,2015-05-01,74.0
Romance,2015-06-01,75.66666666666667
Romance,2015-07-01,74.33333333333333
Romance,2015-08-01,75.0
Romance,2015-09-01,74.0
Romance,2015-10-01,72.0
Romance,2015-11-01,69.66666666666667
Romance,2015-12-01,71.66666666666667
Romance,2016-01-01,74.0
Romance,2016-02-01,75.66666666666667
Romance,2016-03-01,72.0
Romance,2016-04-01,70.0
Romance,2016-05-01,68.66666666666667
Romance,2016-06-01,71.33333333333333
Romance,2016-07-01,75.66666666666667
Romance,2016-08-01,77.66666666666667
Romance,2016-09-01,76.33333333333333
Romance,2016-10-01,73.66666666666667
Romance,2016-11-01,69.66666666666667
Romance,2016-12-01,71.66666666666667
Romance,2017-01-01,65.66666666666667
Romance,2017-02-01,66.0
Romance,2017-03-01,54.333333333333336
Romance,2017-04-01,51.0
Romance,2017-05-01,52.0
Romance,2017-06-01,51.333333333333336
Romance,2017-07-01,47.0
Romance,2017-08-01,33.666666666666664
Romance,2017-09-01,27.333333333333332
Romance,2017-10-01,23.666666666666668
Romance,2017-11-01,21.666666666666668
Romance,2017-12-01,23.0
Romance,2018-01-01,23.333333333333332
Romance,2018-02-01,28.0
Romance,2018-03-01,43.333333333333336
Romance,2018-04-01,66.0
Romance,2018-05-01,85.33333333333333
Romance,2018-06-01,94.66666666666667
Romance,2018-07-01,97.66666666666667
Romance,2018-08-01,99.66666666666667
Romance,2018-09-01,97.0
Romance,2018-10-01,92.66666666666667
Romance,2018-11-01,91.0
Romance,2018-12-01,92.33333333333333
Romance,2019-01-01,92.33333333333333
Romance,2019-02-01,87.66666666666667
Romance,2019-03-01,83.66666666666667
Romance,2019-04-01,80.0
Romance,2019-05-01,74.66666666666667
Romance,2019-06-01,74.0
Romance,2019-07-01,73.33333333333333
Romance,2019-08-01,75.33333333333333
Romance,2019-09-01,70.0
Romance,2019-10-01,66.66666666666667
Romance,2019-11-01,64.66666666666667
Romance,2019-12-01,65.66666666666667
Romance,2020-01-01,66.33333333333333
Romance,2020-02-01,66.33333333333333
Romance,2020-03-01,65.33333333333333
Romance,2020-04-01,67.33333333333333
Romance,2020-05-01,73.66666666666667
Romance,2020-06-01,80.66666666666667
Romance,2020-07-01,85.33333333333333
Romance,2020-08-01,84.0
Romance,2020-09-01,83.33333333333333
Romance,2020-10-01,83.66666666666667
Romance,2020-11-01,84.66666666666667
Romance,2020-12-01,85.66666666666667
Romance,2021-01-01,85.33333333333333
Romance,2021-02-01,86.33333333333333
Romance,2021-03-01,84.33333333333333
Romance,2021-04-01,81.66666666666667
Romance,2021-05-01,81.66666666666667
Romance,2021-06-01,82.66666666666667
Romance,2021-07-01,83.66666666666667
Romance,2021-08-01,80.66666666666667
Romance,2021-09-01,82.66666666666667
Romance,2021-10-01,82.33333333333333
Romance,2021-11-01,82.33333333333333
Romance,2021-12-01,79.33333333333333
Romance,2022-01-01,80.0
Romance,2022-02-01,80.66666666666667
Romance,2022-03-01,77.66666666666667
Romance,2022-04-01,75.33333333333333
Romance,2022-05-01,75.0
Romance,2022-06-01,77.33333333333333
Romance,2022-07-01,79.33333333333333
Romance,2022-08-01,80.0
Romance,2022-09-01,78.0
Romance,2022-10-01,73.33333333333333
Romance,2022-11-01,69.33333333333333
Romance,2022-12-01,70.0
Romance,2023-01-01,74.33333333333333
Romance,2023-02-01,77.33333333333333
Romance,2023-03-01,72.0
Romance,2023-04-01,66.0
Romance,2023-05-01,60.333333333333336
Romance,2023-06-01,62.333333333333336
Romance,2023-07-01,63.0
Romance,2023-08-01,63.0
Romance,2023-09-01,59.333333333333336
Romance,2023-10-01,56.333333333333336
Romance,2023-11-01,53.666666666666664
Romance,2023-12-01,55.333333333333336
Romance,2024-01-01,57.0
Romance,2024-02-01,58.666666666666664
Romance,2024-03-01,55.666666666666664
Romance,2024-04-01,54.0
Romance,2024-05-01,55.0
Romance,2024-06-01,57.0
Romance,2024-07-01,57.333333333333336
Romance,2024-08-01,57.0
Romance,2024-09-01,56.0
Romance,2024-10-01,55.333333333333336
Romance,2024-11-01,54.666666666666664
Romance,2024-12-01,57.333333333333336
Romance,2025-01-01,58.666666666666664
Romance,2025-02-01,58.0
Romance,2025-03-01,54.0
Romance,2025-04-01,50.666666666666664
Romance,2025-05-01,49.666666666666664
Romance,2025-06-01,50.333333333333336
Romance,2025-07-01,51.333333333333336
Romance,2025-08-01,50.333333333333336
Romance,2025-09-01,48.333333333333336
Sci-Fi,2010-01-01,69.0
Sci-Fi,2010-02-01,66.0
Sci-Fi,2010-03-01,63.666666666666664
Sci-Fi,2010-04-01,60.333333333333336
Sci-Fi,2010-05-01,59.333333333333336
Sci-Fi,2010-06-01,60.333333333333336
Sci-Fi,2010-07-01,63.333333333333336
Sci-Fi,2010-08-01,67.0
Sci-Fi,2010-09-01,65.66666666666667
Sci-Fi,2010-10-01,64.0
Sci-Fi,2010-11-01,61.666666666666664
Sci-Fi,2010-12-01,64.33333333333333
Sci-Fi,2011-01-01,67.0
Sci-Fi,2011-02-01,66.33333333333333
Sci-Fi,2011-03-01,65.66666666666667
Sci-Fi,2011-04-01,63.666666666666664
Sci-Fi,2011-05-01,63.333333333333336
Sci-Fi,2011-06-01,63.333333333333336
Sci-Fi,2011-07-01,63.333333333333336
Sci-Fi,2011-08-01,66.33333333333333
Sci-Fi,2011-09-01,65.33333333333333
Sci-Fi,2011-10-01,65.33333333333333
Sci-Fi,2011-11-01,64.66666666666667
Sci-Fi,2011-12-01,69.33333333333333
Sci-Fi,2012-01-01,71.0
Sci-Fi,2012-02-01,69.33333333333333
Sci-Fi,2012-03-01,65.33333333333333
Sci-Fi,2012-04-01,63.0
Sci-Fi,2012-05-01,62.666666666666664
Sci-Fi,2012-06-01,66.66666666666667
Sci-Fi,2012-07-01,70.66666666666667
Sci-Fi,2012-08-01,72.0
Sci-Fi,2012-09-01,66.66666666666667
Sci-Fi,2012-10-01,61.333333333333336
Sci-Fi,2012-11-01,57.666666666666664
Sci-Fi,2012-12-01,60.0
Sci-Fi,2013-01-01,62.666666666666664
Sci-Fi,2013-02-01,65.33333333333333
Sci-Fi,2013-03-01,65.0
Sci-Fi,2013-04-01,65.66666666666667
Sci-Fi,2013-05-01,67.66666666666667
Sci-Fi,2013-06-01,68.66666666666667
Sci-Fi,2013-07-01,69.33333333333333
Sci-Fi,2013-08-01,70.33333333333333
Sci-Fi,2013-09-01,71.33333333333333
Sci-Fi,2013-10-01,71.66666666666667
Sci-Fi,2013-11-01,72.66666666666667
Sci-Fi,2013-12-01,75.66666666666667
Sci-Fi,2014-01-01,80.0
Sci-Fi,2014-02-01,81.0
Sci-Fi,2014-03-01,79.66666666666667
Sci-Fi,2014-04-01,78.33333333333333
Sci-Fi,2014-05-01,80.0
Sci-Fi,2014-06-01,81.0
Sci-Fi,2014-07-01,81.66666666666667
Sci-Fi,2014-08-01,82.0
Sci-Fi,2014-09-01,81.0
Sci-Fi,2014-10-01,79.33333333333333
Sci-Fi,2014-11-01,81.33333333333333
Sci-Fi,2014-12-01,87.0
Sci-Fi,2015-01-01,92.33333333333333
Sci-Fi,2015-02-01,91.33333333333333
Sci-Fi,2015-03-01,89.33333333333333
Sci-Fi,2015-04-01,85.0
Sci-Fi,2015-05-01,84.33333333333333
Sci-Fi,2015-06-01,83.33333333333333
Sci-Fi,2015-07-01,86.0
Sci-Fi,2015-08-01,86.33333333333333
Sci-Fi,2015-09-01,85.66666666666667
Sci-Fi,2015-10-01,84.33333333333333
Sci-Fi,2015-11-01,83.0
Sci-Fi,2015-12-01,87.33333333333333
Sci-Fi,2016-01-01,88.66666666666667
Sci-Fi,2016-02-01,87.66666666666667
Sci-Fi,2016-03-01,80.0
Sci-Fi,2016-04-01,74.33333333333333
Sci-Fi,2016-05-01,71.33333333333333
Sci-Fi,2016-06-01,71.0
Sci-Fi,2016-07-01,71.66666666666667
Sci-Fi,2016-08-01,72.33333333333333
Sci-Fi,2016-09-01,72.66666666666667
Sci-Fi,2016-10-01,72.66666666666667
Sci-Fi,2016-11-01,69.66666666666667
Sci-Fi,2016-12-01,67.66666666666667
Sci-Fi,2017-01-01,61.333333333333336
Sci-Fi,2017-02-01,55.333333333333336
Sci-Fi,2017-03-01,48.333333333333336
Sci-Fi,2017-04-01,46.666666666666664
Sci-Fi,2017-05-01,47.666666666666664
Sci-Fi,2017-06-01,50.0
Sci-Fi,2017-07-01,54.0
Sci-Fi,2017-08-01,58.666666666666664
Sci-Fi,2017-09-01,60.333333333333336
Sci-Fi,2017-10-01,59.666666666666664
Sci-Fi,2017-11-01,59.666666666666664
Sci-Fi,2017-12-01,61.0
Sci-Fi,2018-01-01,61.666666666666664
Sci-Fi,2018-02-01,61.0
Sci-Fi,2018-03-01,61.666666666666664
Sci-Fi,2018-04-01,63.666666666666664
Sci-Fi,2018-05-01,64.33333333333333
Sci-Fi,2018-06-01,65.33333333333333
Sci-Fi,2018-07-01,64.0
Sci-Fi,2018-08-01,64.0
Sci-Fi,2018-09-01,63.0
Sci-Fi,2018-10-01,62.0
Sci-Fi,2018-11-01,62.333333333333336
Sci-Fi,2018-12-01,65.33333333333333
Sci-Fi,2019-01-01,70.0
Sci-Fi,2019-02-01,74.33333333333333
Sci-Fi,2019-03-01,75.0
Sci-Fi,2019-04-01,72.66666666666667
Sci-Fi,2019-05-01,71.33333333333333
Sci-Fi,2019-06-01,72.0
Sci-Fi,2019-07-01,74.33333333333333
Sci-Fi,2019-08-01,74.66666666666667
Sci-Fi,2019-09-01,72.0
Sci-Fi,2019-10-01,69.0
Sci-Fi,2019-11-01,66.66666666666667
Sci-Fi,2019-12-01,68.0
Sci-Fi,2020-01-01,69.66666666666667
Sci-Fi,2020-02-01,69.66666666666667
Sci-Fi,2020-03-01,76.0
Sci-Fi,2020-04-01,85.66666666666667
Sci-Fi,2020-05-01,94.33333333333333
Sci-Fi,2020-06-01,89.0
Sci-Fi,2020-07-01,80.66666666666667
Sci-Fi,2020-08-01,74.66666666666667
Sci-Fi,2020-09-01,74.0
Sci-Fi,2020-10-01,72.66666666666667
Sci-Fi,2020-11-01,72.66666666666667
Sci-Fi,2020-12-01,75.66666666666667
Sci-Fi,2021-01-01,79.0
Sci-Fi,2021-02-01,79.0
Sci-Fi,2021-03-01,73.66666666666667
Sci-Fi,2021-04-01,70.33333333333333
Sci-Fi,2021-05-01,70.0
Sci-Fi,2021-06-01,68.33333333333333
Sci-Fi,2021-07-01,66.33333333333333
Sci-Fi,2021-08-01,63.0
Sci-Fi,2021-09-01,61.333333333333336
Sci-Fi,2021-10-01,59.0
Sci-Fi,2021-11-01,56.333333333333336
Sci-Fi,2021-12-01,56.666666666666664
Sci-Fi,2022-01-01,64.0
Sci-Fi,2022-02-01,69.0
Sci-Fi,2022-03-01,72.0
Sci-Fi,2022-04-01,66.66666666666667
Sci-Fi,2022-05-01,63.666666666666664
Sci-Fi,2022-06-01,62.0
Sci-Fi,2022-07-01,61.666666666666664
Sci-Fi,2022-08-01,60.0
Sci-Fi,2022-09-01,58.333333333333336
Sci-Fi,2022-10-01,55.333333333333336
Sci-Fi,2022-11-01,55.666666666666664
Sci-Fi,2022-12-01,57.666666666666664
Sci-Fi,2023-01-01,61.0
Sci-Fi,2023-02-01,62.0
Sci-Fi,2023-03-01,59.0
Sci-Fi,2023-04-01,54.666666666666664
Sci-Fi,2023-05-01,50.0
Sci-Fi,2023-06-01,48.0
Sci-Fi,2023-07-01,46.666666666666664
Sci-Fi,2023-08-01,47.333333333333336
Sci-Fi,2023-09-01,44.0
Sci-Fi,2023-10-01,42.666666666666664
Sci-Fi,2023-11-01,44.333333333333336
Sci-Fi,2023-12-01,50.0
Sci-Fi,2024-01-01,53.333333333333336
Sci-Fi,2024-02-01,52.666666666666664
Sci-Fi,2024-03-01,52.333333333333336
Sci-Fi,2024-04-01,50.666666666666664
Sci-Fi,2024-05-01,50.666666666666664
Sci-Fi,2024-06-01,49.0
Sci-Fi,2024-07-01,50.0
Sci-Fi,2024-08-01,49.666666666666664
Sci-Fi,2024-09-01,49.666666666666664
Sci-Fi,2024-10-01,48.666666666666664
Sci-Fi,2024-11-01,48.666666666666664
Sci-Fi,2024-12-01,49.666666666666664
Sci-Fi,2025-01-01,51.333333333333336
Sci-Fi,2025-02-01,51.333333333333336
Sci-Fi,2025-03-01,50.666666666666664
Sci-Fi,2025-04-01,48.666666666666664
Sci-Fi,2025-05-01,47.333333333333336
Sci-Fi,2025-06-01,46.333333333333336
Sci-Fi,2025-07-01,45.666666666666664
Sci-Fi,2025-08-01,46.333333333333336
Sci-Fi,2025-09-01,45.666666666666664
Thriller,2010-01-01,76.0
Thriller,2010-02-01,73.0
Thriller,2010-03-01,71.33333333333333
Thriller,2010-04-01,66.33333333333333
Thriller,2010-05-01,65.0
Thriller,2010-06-01,67.66666666666667
Thriller,2010-07-01,68.0
Thriller,2010-08-01,65.33333333333333
Thriller,2010-09-01,57.666666666666664
Thriller,2010-10-01,64.66666666666667
Thriller,2010-11-01,66.66666666666667
Thriller,2010-12-01,69.0
Thriller,2011-01-01,62.666666666666664
Thriller,2011-02-01,63.666666666666664
Thriller,2011-03-01,61.333333333333336
Thriller,2011-04-01,58.333333333333336
Thriller,2011-05-01,53.0
Thriller,2011-06-01,54.333333333333336
Thriller,2011-07-01,54.333333333333336
Thriller,2011-08-01,56.0
Thriller,2011-09-01,54.333333333333336
Thriller,2011-10-01,63.666666666666664
Thriller,2011-11-01,64.33333333333333
Thriller,2011-12-01,64.33333333333333
Thriller,2012-01-01,53.333333333333336
Thriller,2012-02-01,49.0
Thriller,2012-03-01,46.333333333333336
Thriller,2012-04-01,44.333333333333336
Thriller,2012-05-01,44.0
Thriller,2012-06-01,45.333333333333336
Thriller,2012-07-01,46.666666666666664
Thriller,2012-08-01,47.333333333333336
Thriller,2012-09-01,46.666666666666664
Thriller,2012-10-01,54.0
Thriller,2012-11-01,55.666666666666664
Thriller,2012-12-01,56.333333333333336
Thriller,2013-01-01,48.333333333333336
Thriller,2013-02-01,46.333333333333336
Thriller,2013-03-01,46.666666666666664
Thriller,2013-04-01,46.333333333333336
Thriller,2013-05-01,46.333333333333336
Thriller,2013-06-01,47.0
Thriller,2013-07-01,47.666666666666664
Thriller,2013-08-01,49.333333333333336
Thriller,2013-09-01,49.666666666666664
Thriller,2013-10-01,59.333333333333336
Thriller,2013-11-01,62.666666666666664
Thriller,2013-12-01,64.33333333333333
Thriller,2014-01-01,57.333333333333336
Thriller,2014-02-01,53.666666666666664
Thriller,2014-03-01,50.666666666666664
Thriller,2014-04-01,49.0
Thriller,2014-05-01,49.666666666666664
Thriller,2014-06-01,50.0
Thriller,2014-07-01,51.333333333333336
Thriller,2014-08-01,52.333333333333336
Thriller,2014-09-01,53.666666666666664
Thriller,2014-10-01,60.333333333333336
Thriller,2014-11-01,62.0
Thriller,2014-12-01,61.666666666666664
Thriller,2015-01-01,55.333333333333336
Thriller,2015-02-01,53.0
Thriller,2015-03-01,52.0
Thriller,2015-04-01,49.333333333333336
Thriller,2015-05-01,48.333333333333336
Thriller,2015-06-01,48.666666666666664
Thriller,2015-07-01,50.0
Thriller,2015-08-01,52.333333333333336
Thriller,2015-09-01,53.666666666666664
Thriller,2015-10-01,64.33333333333333
Thriller,2015-11-01,65.33333333333333
Thriller,2015-12-01,65.66666666666667
Thriller,2016-01-01,56.0
Thriller,2016-02-01,52.666666666666664
Thriller,2016-03-01,50.0
Thriller,2016-04-01,47.333333333333336
Thriller,2016-05-01,47.0
Thriller,2016-06-01,47.333333333333336
Thriller,2016-07-01,48.0
Thriller,2016-08-01,48.0
Thriller,2016-09-01,48.666666666666664
Thriller,2016-10-01,56.333333333333336
Thriller,2016-11-01,57.0
Thriller,2016-12-01,58.666666666666664
Thriller,2017-01-01,54.666666666666664
Thriller,2017-02-01,57.0
Thriller,2017-03-01,56.333333333333336
Thriller,2017-04-01,54.0
Thriller,2017-05-01,51.666666666666664
Thriller,2017-06-01,51.0
Thriller,2017-07-01,52.333333333333336
Thriller,2017-08-01,54.333333333333336
Thriller,2017-09-01,55.0
Thriller,2017-10-01,61.333333333333336
Thriller,2017-11-01,61.666666666666664
Thriller,2017-12-01,62.666666666666664
Thriller,2018-01-01,56.0
Thriller,2018-02-01,54.666666666666664
Thriller,2018-03-01,53.333333333333336
Thriller,2018-04-01,51.333333333333336
Thriller,2018-05-01,49.666666666666664
Thriller,2018-06-01,48.666666666666664
Thriller,2018-07-01,50.0
Thriller,2018-08-01,51.0
Thriller,2018-09-01,53.0
Thriller,2018-10-01,58.666666666666664
Thriller,2018-11-01,60.333333333333336
Thriller,2018-12-01,60.666666666666664
Thriller,2019-01-01,55.333333333333336
Thriller,2019-02-01,53.666666666666664
Thriller,2019-03-01,52.333333333333336
Thriller,2019-04-01,51.666666666666664
Thriller,2019-05-01,50.333333333333336
Thriller,2019-06-01,50.0
Thriller,2019-07-01,50.666666666666664
Thriller,2019-08-01,52.666666666666664
Thriller,2019-09-01,52.666666666666664
Thriller,2019-10-01,56.333333333333336
Thriller,2019-11-01,57.0
Thriller,2019-12-01,57.333333333333336
Thriller,2020-01-01,53.666666666666664
Thriller,2020-02-01,52.333333333333336
Thriller,2020-03-01,59.666666666666664
Thriller,2020-04-01,75.0
Thriller,2020-05-01,87.0
Thriller,2020-06-01,85.66666666666667
Thriller,2020-07-01,75.33333333333333
Thriller,2020-08-01,69.33333333333333
Thriller,2020-09-01,65.0
Thriller,2020-10-01,65.33333333333333
Thriller,2020-11-01,60.333333333333336
Thriller,2020-12-01,63.0
Thriller,2021-01-01,61.666666666666664
Thriller,2021-02-01,64.0
Thriller,2021-03-01,61.0
Thriller,2021-04-01,59.666666666666664
Thriller,2021-05-01,65.33333333333333
Thriller,2021-06-01,67.66666666666667
Thriller,2021-07-01,68.33333333333333
Thriller,2021-08-01,63.0
Thriller,2021-09-01,59.0
Thriller,2021-10-01,58.666666666666664
Thriller,2021-11-01,56.0
Thriller,2021-12-01,56.0
Thriller,2022-01-01,58.0
Thriller,2022-02-01,59.333333333333336
Thriller,2022-03-01,62.0
Thriller,2022-04-01,58.333333333333336
Thriller,2022-05-01,57.666666666666664
Thriller,2022-06-01,57.666666666666664
Thriller,2022-07-01,60.0
Thriller,2022-08-01,62.0
Thriller,2022-09-01,63.333333333333336
Thriller,2022-10-01,66.66666666666667
Thriller,2022-11-01,67.33333333333333
Thriller,2022-12-01,68.0
Thriller,2023-01-01,65.33333333333333
Thriller,2023-02-01,64.33333333333333
Thriller,2023-03-01,62.333333333333336
Thriller,2023-04-01,61.666666666666664
Thriller,2023-05-01,62.0
Thriller,2023-06-01,65.0
Thriller,2023-07-01,67.33333333333333
Thriller,2023-08-01,69.0
Thriller,2023-09-01,67.66666666666667
Thriller,2023-10-01,69.0
Thriller,2023-11-01,67.66666666666667
Thriller,2023-12-01,70.66666666666667
Thriller,2024-01-01,68.33333333333333
Thriller,2024-02-01,68.66666666666667
Thriller,2024-03-01,65.0
Thriller,2024-04-01,62.666666666666664
Thriller,2024-05-01,62.333333333333336
Thriller,2024-06-01,64.0
Thriller,2024-07-01,65.66666666666667
Thriller,2024-08-01,68.66666666666667
Thriller,2024-09-01,69.0
Thriller,2024-10-01,76.66666666666667
Thriller,2024-11-01,79.0
Thriller,2024-12-01,82.0
Thriller,2025-01-01,75.66666666666667
Thriller,2025-02-01,72.66666666666667
Thriller,2025-03-01,68.66666666666667
Thriller,2025-04-01,66.0
Thriller,2025-05-01,65.66666666666667
Thriller,2025-06-01,66.66666666666667
Thriller,2025-07-01,68.33333333333333
Thriller,2025-08-01,69.66666666666667
Thriller,2025-09-01,69.66666666666667
